[
  {
    "id": "37a9cc66-1a9e-4176-adcc-9d50a43f9669",
    "data": [
      {
        "text": "привет привет",
        "userDefined": false
      }
    ],
    "isTemplate": false,
    "count": 0,
    "lang": "ru",
    "updated": 0
  },
  {
    "id": "5f0830f0-1976-497c-acf1-78b1fca02445",
    "data": [
      {
        "text": "здравствуй",
        "userDefined": false
      }
    ],
    "isTemplate": false,
    "count": 0,
    "lang": "ru",
    "updated": 0
  },
  {
    "id": "0420ba47-eebd-4f58-80fb-039640dd43a0",
    "data": [
      {
        "text": "привет",
        "userDefined": false
      }
    ],
    "isTemplate": false,
    "count": 0,
    "lang": "ru",
    "updated": 0
  },
  {
    "id": "526a8e62-9c3b-40fd-a2af-229d6f184fd1",
    "data": [
      {
        "text": "приветствую",
        "userDefined": false
      }
    ],
    "isTemplate": false,
    "count": 0,
    "lang": "ru",
    "updated": 0
  },
  {
    "id": "e65691d8-3b55-414c-aca2-f7be4332b059",
    "data": [
      {
        "text": "всем привет",
        "userDefined": false
      }
    ],
    "isTemplate": false,
    "count": 0,
    "lang": "ru",
    "updated": 0
  },
  {
    "id": "27a63a7b-911e-4b35-9d12-5b67eff78091",
    "data": [
      {
        "text": "хей",
        "userDefined": false
      }
    ],
    "isTemplate": false,
    "count": 0,
    "lang": "ru",
    "updated": 0
  },
  {
    "id": "c52af445-3f06-44ec-b6e9-91d1941c672b",
    "data": [
      {
        "text": "чао",
        "userDefined": false
      }
    ],
    "isTemplate": false,
    "count": 0,
    "lang": "ru",
    "updated": 0
  },
  {
    "id": "769a81ad-3d98-41cf-bc61-24b263bff992",
    "data": [
      {
        "text": "приветствую тебя",
        "userDefined": false
      }
    ],
    "isTemplate": false,
    "count": 0,
    "lang": "ru",
    "updated": 0
  },
  {
    "id": "7d282067-a7d2-4f68-922a-0b23ff46b1db",
    "data": [
      {
        "text": "приветик",
        "userDefined": false
      }
    ],
    "isTemplate": false,
    "count": 0,
    "lang": "ru",
    "updated": 0
  },
  {
    "id": "54ce866d-9aeb-48a5-9eaf-6908c8bf4c97",
    "data": [
      {
        "text": "и снова здравствуйте",
        "userDefined": false
      }
    ],
    "isTemplate": false,
    "count": 0,
    "lang": "ru",
    "updated": 0
  },
  {
    "id": "c38dbc39-81d6-4e62-9e3e-0de6035d75e4",
    "data": [
      {
        "text": "здравствуйте",
        "userDefined": false
      }
    ],
    "isTemplate": false,
    "count": 0,
    "lang": "ru",
    "updated": 0
  },
  {
    "id": "f8866d20-ed14-42aa-9c95-4c689afa4e8e",
    "data": [
      {
        "text": "давно не виделись",
        "userDefined": false
      }
    ],
    "isTemplate": false,
    "count": 0,
    "lang": "ru",
    "updated": 0
  },
  {
    "id": "de29b390-a29a-4677-aec2-9922eb315c0d",
    "data": [
      {
        "text": "просто хотел поздороваться",
        "userDefined": false
      }
    ],
    "isTemplate": false,
    "count": 0,
    "lang": "ru",
    "updated": 0
  },
  {
    "id": "c73fa4ac-3aa5-47af-9ad8-aaad30d339df",
    "data": [
      {
        "text": "хотелось бы тебя поприветствовать",
        "userDefined": false
      }
    ],
    "isTemplate": false,
    "count": 0,
    "lang": "ru",
    "updated": 0
  },
  {
    "id": "a99d84d5-81e5-4c66-9c3e-dfc5c25510c5",
    "data": [
      {
        "text": "хочу сказать тебе привет",
        "userDefined": false
      }
    ],
    "isTemplate": false,
    "count": 0,
    "lang": "ru",
    "updated": 0
  }
]